condition,accuracy,prediction_flip_rate,avg_background_ratio
background_blur,0.835,0.077,0.3302492839331234
background_mask,0.86,0.104,0.2782806999566065
background_patch_shuffle,0.836,0.12,0.4057266392536682
foreground_mask,0.534,0.318,0.6742364319807926
original,0.802,0.0,0.40956197649062503
